{"initial_reset_timestamp": 1686438802.077448, "timestamps": [1686438825.456157], "episode_lengths": [2005], "episode_rewards": [139.0], "episode_types": ["t"]}