{"initial_reset_timestamp": 1687233883.7743826, "timestamps": [1687233885.9084837], "episode_lengths": [40], "episode_rewards": [231.0], "episode_types": ["t"]}