{"initial_reset_timestamp": 1687322295.863612, "timestamps": [1687322297.7515984], "episode_lengths": [110], "episode_rewards": [596.0], "episode_types": ["t"]}