{"initial_reset_timestamp": 1686438802.0774457, "timestamps": [1686438825.4571443], "episode_lengths": [2005], "episode_rewards": [139.0], "episode_types": ["t"]}