{"initial_reset_timestamp": 1686415664.9010158, "timestamps": [1686415684.5171373], "episode_lengths": [2005], "episode_rewards": [-21.0], "episode_types": ["t"]}