{"initial_reset_timestamp": 1688061890.5720847, "timestamps": [1688061896.9989417], "episode_lengths": [148], "episode_rewards": [-148.0], "episode_types": ["t"]}